Image Path,Foot Distance,Left Hip to Feet Distance,Right Hip to Feet Distance,Left Knee Angle,Right Knee Angle,Waist Angle
0.1262754215702759,0.41509886049587275,0.41884659730733015,86.42996010643039,92.70244916513083,90.44503040637636
0.12475719525227527,0.4159021192565491,0.4198508034109995,86.67528277019136,92.70581008709412,90.49108182876301
0.13864790823672105,0.3002555756190249,0.3348804366135749,72.87533585884762,103.0115593843842,89.96845650644131
0.12828519446588355,0.2688786594613373,0.2733595434227479,67.79373506454434,104.55610027521364,89.95214986859148
0.15137311322735433,0.3504478801489678,0.3406976729070102,79.4165291544805,96.7915649750248,89.63118852306653
0.13009482013917334,0.3516921686597155,0.35592917125157775,79.05387717526595,97.96489155953863,90.04511768091014
0.1376587686923455,0.39860742939211047,0.4058744996808302,84.42243021705241,95.96719373309566,90.15867624519876
0.13462816209109443,0.40042621436573717,0.4056809528641919,85.71717053628646,95.06337733913547,90.16515436908816
0.13158011958856067,0.39521412870422207,0.3994915892899681,84.6536026679827,95.41000189884471,90.04996451834205
0.12848954241106744,0.40571283045375417,0.40703692926468593,84.71360516308616,94.72414002813233,90.16970673663671
0.13034566567377232,0.37276679133164925,0.36543705798010667,77.42883990802437,98.9755124910327,89.68878747787528
0.12973346931113924,0.36047880799294757,0.35759467590992156,72.2719153316861,102.83296313881465,89.4758547298822
0.12959446628061905,0.3132892061676624,0.31100380183970205,66.05249755664555,108.2844182066624,89.66957146091414
0.12786371447021402,0.3518736680599586,0.35587256724447186,81.70698773367718,96.55279456244381,90.00994198978628
0.12834415255269774,0.3863922469995516,0.3904444198846245,83.26378867375108,95.13773622326528,90.22246333057414
0.1271287461198494,0.4051893918031735,0.4065452522096963,85.30939178892083,93.3269411041423,90.27199204852825
0.1256815653811869,0.4058257604613466,0.40761370010570785,86.13737778047523,93.37558078126207,90.42763657816407
0.14711157669511515,0.3983626163265037,0.41106823996445613,85.39540649242545,93.265114794971,90.88531923961497
0.14464534601076307,0.40176552619817346,0.4157226766036307,85.01314431172557,93.07192698094748,91.17367598636757
0.12816540423021955,0.4101654037925664,0.4149669513621799,85.7652059414752,92.25368990303829,90.66544764982615
0.12638997326446605,0.4080336229423451,0.4128065785229459,86.47904987846246,92.37464185753412,90.67175060738779
0.1261907429992818,0.4146231777444622,0.4142267299209115,86.46873426508547,92.67141933605758,90.66541887317806
0.12593029478529744,0.40585845683951866,0.41051433442231655,85.26214810904622,93.23124615875606,90.51888830166553
0.13653740373109743,0.28024692796878115,0.3034771474288754,74.25285316528557,104.63162658931012,91.0683977134166
0.12805345579995087,0.36736947325978747,0.3642919171371115,73.4515575447802,104.76704009212148,89.9270472191631
0.1424028466489554,0.3732206957806666,0.38091645739829355,83.49753826730277,96.29555719505879,89.78798066911295
0.12850618893032265,0.3615220964038398,0.3614247749859385,77.65463645391699,100.28549175879083,89.61203115129172
0.157244873261549,0.37790077388198445,0.3870402987674804,81.71811661088819,96.35100085859713,89.75442244618012
0.13319444891818513,0.4037829065712253,0.4068554398313915,84.8837949248504,94.18242241314901,89.95685057216585
0.12969902883109735,0.40737512303050655,0.4108458691321924,85.54284759054977,93.98594844311572,89.98323814068237
0.13080792561288698,0.3753772088541862,0.37135961684978547,81.10418026985577,97.13351188686676,90.20044098142449
0.13164434084665622,0.3802244305523433,0.38562618814240385,82.46134116892942,95.9928371797398,90.13207371862649
0.12846738381879963,0.2961782926616286,0.29016680679209134,67.63181026029439,102.9081519457605,90.15073161421549
0.13933257312585398,0.2920584182548631,0.26344159675561485,59.879041188701905,105.61968393245719,90.17305075856173
0.1336391207813607,0.3430195041500403,0.3508554651743106,80.95567604471124,95.76043985127589,90.15539974373355
0.12949210715369497,0.39288022497516023,0.3996141880113327,84.75005410817599,93.43773634560146,90.45746191406829
0.12699713111126773,0.4035395244423048,0.40732319248553694,85.81450247485455,93.16804481594949,90.60314117882768
0.12422605247331452,0.41015671500508377,0.411701296810256,86.12002854429593,92.63014516107773,90.76119161106243
0.12612827170522994,0.4072305414753281,0.41078783522339835,85.6380877538821,93.0965233067775,90.39014730558412
0.12697707368059688,0.28019248819173426,0.28265215553933776,73.83114857682614,102.50992707014959,89.73077861553426
0.13607228191920098,0.3023278312033095,0.27322908944760566,63.06887254445123,106.7212049522553,89.9167183004754
0.1296131225557911,0.2897436262688684,0.2822033092960294,71.77625782752479,105.28085281305691,89.97613713581066
0.17564528790679657,0.36771555081909,0.35972345247639803,79.59433042876383,97.254129657779,90.04796704578712
0.13392310834017143,0.4033313537725829,0.4060997709878874,84.61111197659419,94.39445738089798,90.31470488893734
0.12960955410988464,0.4088211095231745,0.4110462608446293,85.15238398046391,93.06637366131292,90.42406995489242
0.13041834772259595,0.4101269677118809,0.4151234422016816,86.14003381047011,92.8009914546568,90.51356695830052
0.13488189461289282,0.4144972176404281,0.4216622227408772,85.71292032619515,92.88732985149804,90.5558814780727
0.13275591887267923,0.3984365130262693,0.40230531249728313,84.94547935908825,94.94951871399863,89.80672786128852
0.13478221388499145,0.2789336711049612,0.29625427120302,73.16622496862892,104.00774506755485,90.78581352901857
0.1308072303679259,0.35637785174308245,0.35110304811938026,73.2393935254688,101.788987631647,90.20420217871813
0.13323960914311647,0.38500796954844996,0.39135159418923254,83.72571405420105,94.29283767400655,90.30521719657233
0.12973506515850544,0.40412308715081624,0.40515746257273394,85.34328233201171,92.76291831033174,90.18201598084445
0.12767955791583047,0.40386864249049514,0.4054484111571578,85.11002114537844,93.16009381734739,90.3473914224412
0.1271491835262268,0.41040421202872357,0.41014365818987275,85.44637021582298,93.30952447545206,90.47566414272511
0.1292384618734638,0.29625895772660327,0.30657897223919983,72.45042148577312,105.08938825012892,90.7985562755429
0.12958698030377727,0.32587146194614786,0.3070454995745745,67.49458389816829,106.97546570185736,90.43266986972077
0.1381876427181597,0.3615803777155419,0.3617350338839006,81.34654691752849,95.67784589663232,90.28846662014774
0.13050567535450672,0.4034704938334514,0.40227851039538715,84.14080985327917,94.39413020950865,90.11590912973418
0.12678472823269818,0.40399235514305454,0.40699755155757716,85.49721387763316,93.51239633934274,90.29961693153103
0.12816840794616863,0.40691537962775537,0.4118990480553325,85.85207835532854,92.9062229161995,90.52653540421126
0.12665437474834038,0.3377641480933848,0.34766941049143374,77.27438238537371,99.74766165670471,90.17668753547144
0.12919896141355947,0.3232205270530585,0.3256598582518105,70.42598707907061,108.5175858500889,89.90073598702459
0.1454658995992273,0.3634507870409193,0.362765961590012,81.11685268228749,97.44235874268499,89.63370921503765
0.15269597489009232,0.40295285887767757,0.4153817351118191,83.1874871431037,95.49852267960597,89.91193250658186
0.13135798986833713,0.4132610616752603,0.4146199060400068,84.788729638565,93.74262322644853,89.89192071977968
0.12979622165148752,0.40968893301959164,0.4115501353824223,85.61009708918381,93.27315801583087,90.08792975367591
0.1298058784579825,0.4111292514110863,0.41499246668345263,86.11084013285013,92.77302321700759,90.40254697690328
0.12992069561409872,0.38352420839956836,0.390633165357761,83.04452348436071,95.1875885041071,90.38069870869836
0.12835081792691316,0.3686266819729228,0.37120502465437816,78.13395748185157,98.79437246172785,89.93700931507888
0.1315256896228107,0.30338329830931815,0.3175389207524221,59.44413143306886,108.65874014202558,90.10990247041612
0.12910319258153166,0.33260670370883694,0.3311369032388371,66.47109211213949,103.51425918425704,89.52487695689655
0.13271804555046235,0.3635590432963912,0.36788440029973474,81.11806693894573,95.24377212710235,90.03502804388222
0.1274076886387899,0.40593964535906724,0.40975138025144975,84.31635203919154,93.29067789031174,90.21730545429443
0.12614085237825876,0.40571510950255496,0.4093289859673725,85.07449016612013,93.05354091164259,90.42568117504962
0.12732909823187993,0.36345874808214834,0.3587572906007101,81.62455422993354,96.4638855700637,90.44569300205163
0.12600938515945095,0.39620176136337765,0.39947506098454194,84.941742191775,93.42235675843541,90.53310047413424
0.12682978127995193,0.4079842134771946,0.4121448365501263,85.56548160508443,93.37033209061772,90.26922220875471
0.12987426127106189,0.3033298404950932,0.31856444793294175,77.50204483576022,100.82356232733162,89.96914653352538
0.12943564468616858,0.3803976821126569,0.3829224535646324,82.93655326962038,96.72902059604647,89.78938846719146
0.1292358944298707,0.3494600688446573,0.342618922433109,75.96437034423285,102.40173345926384,89.58499512141475
0.12995666340575052,0.3078867371297266,0.2933165761240964,58.30780936015415,111.07396102158937,89.5764956333947
0.13188021898238522,0.3621563974889328,0.36556944588818163,82.37339242087344,95.4318347796545,89.60034489115455
0.13309108562517738,0.37135277085318696,0.36725390297575095,82.05154861092025,98.36241745361257,89.47541676327378
0.12930655736121535,0.4039883972319238,0.4050736626753922,84.38264435987901,93.7995959209062,89.5142178543016
0.13030437111336032,0.4089213047798746,0.4112148075471953,85.15297121941103,92.7197213309473,90.11019933276819
0.13020915030241692,0.41299685184022783,0.4155304431630087,85.36414176589477,92.35996821636017,90.299162820279
0.1317523311856015,0.2931356622652715,0.3091578111861678,70.99323279126725,103.68274208136988,91.03387127538534
0.13767130129505672,0.3525730032458014,0.3338854783701666,77.47817660486004,97.93731219446558,90.90399130403463
0.1332094527041201,0.3466463299749312,0.3302568505569258,72.14417501144464,101.34698708711929,89.73003657214808
0.1362196573028831,0.3793658178021471,0.38880440457064824,82.8954558827392,93.95552158209013,90.35843021259137
0.12908711902550693,0.4013951983395225,0.4073618340990641,84.99816532189412,92.91480228057625,90.5011944409594
0.12695396602100417,0.4071309202666049,0.4078411837747502,85.38776040752022,93.2372137248778,90.24280419564526
0.1401359951612419,0.3945579529800874,0.40055108406795636,84.08185287173217,94.05084807705285,90.34156013428105
0.1271567053178794,0.4089648053340083,0.4111003252647493,84.91373084228131,93.66549643327168,90.21254279690761
0.13808302618245966,0.3861247186506617,0.3962149757605855,83.37256347950664,94.94261092226422,90.44757724263162
0.1336102869618377,0.4027110502578307,0.4061259809570052,84.91955146627782,93.58563925359826,90.34358481246264
0.12875251875513,0.4060467134271784,0.408694152450531,85.86474845184344,93.18329163224092,90.43061520409364
0.1286501241859725,0.31121169321122166,0.30385419404912384,74.97658139130512,101.71029397762656,89.34827973065467
0.1289970758294021,0.34859499547945505,0.3459913182070409,78.12607587978336,98.99288443301042,89.65750909882479
0.13318480179374043,0.32523648207516864,0.30404985018552694,65.0819362442536,110.2756635719094,90.04471961243732
0.1306171836805001,0.35470146966309357,0.3569975024783191,82.012024791864,96.5719504813071,90.1973498984076
0.13030165929738943,0.40160365165124773,0.40404663323947393,84.84849571420726,93.83180170305259,90.33881190749923
0.12975005862446604,0.40955744853286025,0.4113178778561667,85.9803024767022,93.02371945874131,90.53480420310723
0.12936967250052597,0.3949649624657059,0.3955852097858525,84.52710280049672,96.85097273465375,89.6701395255192
0.1270380276840771,0.40866119845225957,0.4109620398815008,85.3228220046811,93.99596281377309,89.7165642460487
0.1275389609443757,0.2996975661747606,0.30748458787764527,60.37303960942187,105.45913926620914,90.33793506631832
0.12901957413651294,0.3619886743755087,0.3525364719294008,73.78843611025354,101.31205575753849,89.92166091781928
0.13690920720686714,0.38424376866306925,0.3899954791321689,81.88059860419084,95.11378604736545,90.44589209952528
0.13327275728170745,0.33483267425740537,0.32427563779708335,75.82484744120259,100.55868376580108,90.46978094105637
0.13098047456651973,0.38776724993260736,0.38997484624161943,82.67097271018885,94.34851397020667,90.055117924276
0.12783211140066192,0.40086318097124957,0.40382219527712876,84.51813389454874,93.03242323459816,90.39506719689946
0.13411785006531507,0.38272060038753536,0.37115640725254695,81.96086940889154,96.53092381652507,90.12381551893004
0.1255580340216724,0.39427793130553984,0.3989875247664035,84.1727860815158,93.99016358261507,90.19462182894047
0.12698032554878685,0.4028785152866085,0.41087260725311675,85.08624740029923,93.40858801500198,90.36255209287381
0.12589238572689304,0.4154667792550838,0.41977237339712636,85.80030712381983,93.17921748746957,90.23880578366924
0.12594393485877378,0.34365217240778534,0.3499432707939977,78.64144672081072,99.00252500815324,89.7241978356098
0.12631022429668065,0.3127409522829893,0.31441496278171654,60.44489070540782,109.05109985930864,89.80712236795483
0.1271431804844045,0.3597622656441093,0.3597267826027321,72.07694363311273,103.24503939629051,89.4753141894021
0.13106825791779317,0.36011302452221905,0.36470015102820175,81.28190901443473,96.89436079023801,89.74982996130225
0.1315809398400608,0.38216859021308375,0.3853070132485186,82.46709319466005,96.05351457860945,90.00004809765525
0.12955131379309753,0.40933811862681324,0.40954762179782594,84.61454515155506,93.24208392394279,90.088665223246
0.1312875896011337,0.4081421432347889,0.4116367729507541,85.1591357109694,93.14631898216498,90.17576419369033
0.1329442828168121,0.4105537903915595,0.4139638519878888,85.56387431368691,92.77197927602819,90.52330690529955
0.12959451139571343,0.3391131916308116,0.34094512022434986,77.6888399004608,97.87116523741226,90.7417812070776
0.12931865473622325,0.3291108674375228,0.33283607850840813,67.29787740632334,107.21378029302765,90.38274741724642
0.13267719737006609,0.36039642301723723,0.36763879606459476,82.60872195895581,94.7754297166177,90.29085168494473
0.1308704428336919,0.36096503841030164,0.3650677050697308,81.51468678994398,95.56594115364473,90.33487091720255
0.13064277448012412,0.40246756772153,0.40231005567112355,84.27581493835672,94.1457899686374,89.93481498703395
0.12979910760482738,0.40058465246605973,0.40711871929091553,85.23106261586172,93.06944898246225,90.24096607932806
0.12823854705510168,0.40828666343756664,0.41252177418878744,85.84208573224117,92.9980715974729,90.15459109422457
0.12857259017029876,0.40991432381435644,0.4136215875260736,86.48830594096599,93.04943047413836,90.27018249256429
0.12861605784392025,0.40818455891026445,0.41259251088547155,86.5465804002873,92.93769767109528,90.22968582894313
0.14315681144116518,0.3778188260782871,0.385144549253999,83.87489438878988,95.3731614385346,90.39202362965926
0.13183614636737795,0.40050366527215453,0.4017532684120028,85.00009361828148,94.5771881832676,90.3940511989509
0.1282733191796947,0.406157082684922,0.4113360113809719,86.0851067371403,93.79287504472752,90.4313306385935
0.13071515932416963,0.2932909121467923,0.30700664849528514,73.13688088398398,105.15559842021936,90.91087569433132
0.1285191698715413,0.36928088405013937,0.3669388103973565,77.67533482640103,99.89638202574446,90.61901172102341
0.13434568600399527,0.39538636459567233,0.4011048387662159,84.33122613689996,95.72879448835582,90.45625694222375
0.1297280098118609,0.4048230194457802,0.4091085319635431,85.68351274245092,94.44593840652172,90.39266509240095
0.12677559281078035,0.4132592239015412,0.4160619791787781,85.89411849980694,93.55491753997119,90.35971274480423
0.1298829256423035,0.3852824320301109,0.39010428938221237,83.91088883994684,96.37282459014523,89.65218448085602
0.13219753464664497,0.3874665288051251,0.3949903518471298,83.76140469213962,95.56658853520965,89.96497908275103
0.1310208977400507,0.3094109383825294,0.3069499840774945,71.14558679708676,101.42425558807692,89.85358472930362
0.1334656100066822,0.32376376811729585,0.3072513241464959,60.518064131311775,105.19964536131802,90.35843078632902
0.13049181975454058,0.3489473912833316,0.3510927112065421,73.049286665698,100.6911559979357,90.02299407306174
0.13884526169632666,0.392167241911165,0.40205982627264564,82.79057590263815,94.00458220031645,90.37464063809728
0.12709680845816804,0.4026773417347931,0.40555599530370956,84.8803075464997,92.98868266457846,90.7760155512959
0.12588401332368251,0.41119641799571643,0.41426664440047495,85.80297465136677,92.60057460955223,90.68300383684675
0.1278441473365791,0.273738146072681,0.2828265585510365,68.99309304221468,102.44274717522944,90.310547748862
0.12984942060458468,0.35462508728389497,0.3452081551160647,75.86909115754862,99.57347435055456,90.301065323438
0.12940155186188107,0.3965580273341305,0.401873292101887,84.39574049256517,93.92181355918066,90.81928919885925
0.12645326338923565,0.4098231242655078,0.4107786741353027,85.30531429764508,92.76883294375972,90.85488578998948
0.1294845351151027,0.25624338349096054,0.26946594128946316,63.03247327553484,106.17832907609711,90.27441945821607
0.12849457851011456,0.3053905261901277,0.3036337426180132,70.77342956816544,106.09443879857824,89.8317249034279
0.13796175767510593,0.38656288365936237,0.3913957256668049,83.00863853951705,96.96727670862919,89.80304034055527
0.13411364227600162,0.38160429588734757,0.3865868604911696,82.81328549483925,96.42717862154261,89.97663474743459
0.12960762832104372,0.33722707748284336,0.33292683673507745,72.46193829076574,108.56051752445552,89.17339486621444
0.1302143219181052,0.3322579036301572,0.3308327214149667,73.62928017445154,105.98893844097773,89.1674171593663
0.13061557622250314,0.3782335442410613,0.3852664962188379,81.54023045090607,98.139977843769,90.918125709328
0.1289253090651237,0.4041996387196344,0.40850424999260954,83.94507986779593,93.41972348632903,91.77887293684432
0.1261097875281642,0.39742221523481647,0.4040262431279707,84.98665029509803,92.89847172806783,91.26733945701034
0.12359414751519207,0.4104875200500331,0.4149352525321307,85.59015275938788,92.48981520129924,91.42346291762301
0.12339149593060807,0.4114668777647904,0.4133230779466895,85.90729986751077,92.9466749283685,91.08840714492851
0.1267539029545435,0.40788235199663725,0.41118756624023817,85.84184271818395,92.90442079640592,90.64352931350837
0.1272144056413348,0.40865474127958473,0.4115458923975152,85.95034794563246,92.89180844597144,90.3240319664108
0.1256417902420691,0.41256476677268145,0.4111332920593478,86.03003065810697,92.74014393173972,90.12386175815814
0.12448157177124693,0.4149808297223885,0.41383908624704663,86.01747139174812,92.7501891032741,90.50358512028325
0.1254118005080702,0.4135681807966985,0.41297283164679793,85.96287358315335,92.76725651421941,90.41509057383894
0.12583213499792606,0.411463885594718,0.4114455339625197,86.01661570767469,92.85295113791273,90.37776245704323
0.12472417368724206,0.41339543026579345,0.41304206659061277,86.01423700779455,92.80098682792695,91.03582870900242
0.12429297782682804,0.41125199341943075,0.4118845863014825,86.05425319831916,92.88029105279341,91.37869565876521
0.13193989021902125,0.2904513838280693,0.3010242919839081,74.64467912137955,105.80164811901814,89.10914061725086
0.13306923784640937,0.30413242971592697,0.28614605210084226,70.50447004702995,106.57696034131334,89.56315115242204
0.1923170384893735,0.36091106225536757,0.34187676368133396,78.97550800294361,97.46426518451484,89.65196037749828
0.13305678582541616,0.3722241695415704,0.3612193392168327,72.53960070181687,103.25178060606714,89.74385219166075
0.134901394550554,0.3746690852673069,0.3809423970828499,81.75201555824002,95.41364542206011,90.30302111338534
0.1289360097566697,0.2587419863013756,0.2661178310352211,55.63176234148851,109.84906479116962,90.6801996799139
0.1631559835650843,0.35742627186681614,0.37380794964083564,81.70946070617181,94.07986371028841,90.86378249901658
0.12740852154309049,0.3972752702674255,0.4018933475022335,84.3563019759118,92.59513915035824,91.31626637915201
0.12913046576887596,0.353193050048908,0.3528869036938853,79.4426896780195,97.24896008420765,91.08392973035845
0.13093906187907767,0.29356046490800136,0.2905156456455935,69.66736637310883,102.49503420553617,90.68982953971039
0.12955670880670628,0.3538870261612579,0.35171379848835743,74.56450723825161,100.26760018102007,90.36387658363834
0.1280906055699021,0.30535661325093955,0.3093416045730003,64.43865944009563,105.91917097117106,90.23951967946326
0.14233125309569114,0.3732144087819972,0.38357801200589636,82.51011994369718,94.56223321651072,90.85025293526618
0.1327357845409705,0.4081322553761484,0.4117031205411475,85.17867529145455,93.08058926595564,91.11735744956556
0.1345069594293825,0.41034474652627534,0.4001679054356778,83.6514297675953,95.35643915168389,90.82761337816473
0.12853995277164093,0.39788285209855767,0.39924583918646495,83.70671880188061,95.12273586221765,90.28891862689395
0.12843847577265186,0.3461813352454803,0.353037874386427,76.80494458962893,104.66951701170107,88.72198318711833
0.12940047528480741,0.3474019033446328,0.34702379038408415,75.96310192422297,101.72903945299622,88.79614426942743
0.13153385871003997,0.3222662624292593,0.31421495547314177,70.1516846893437,107.15864837831063,89.49614375844446
0.12976778137449857,0.3868410746134392,0.3883672074634733,83.04548816407718,94.00861949478444,91.13674797664369
0.1295463797051736,0.39977753971696717,0.40525832184237914,84.59036568441928,92.75811076265018,90.82927563738417
0.12535656662474695,0.41117592496935346,0.41094490396334393,85.54062821670982,92.94450787548061,90.61921072994876
0.12433167552837955,0.414640864584056,0.41740153741001657,85.75833752994477,92.65380313430302,90.93772595674685
0.12418242474932166,0.4061920947055233,0.41015442818617487,85.8797995449977,92.72225071625685,90.79152111501979
0.1239263312726751,0.4097583860322572,0.41657321194458935,86.04605043871449,92.64083711778976,91.30874870522382
0.12362690249382799,0.40974488706111023,0.41468711436740613,86.16854399591354,92.80846309473435,91.43245823995859
0.12364244891556017,0.41063946007378666,0.41498076836593095,86.13966897941674,92.82110267889053,91.49902400726471
0.12546791213999073,0.4096100699796106,0.4127286358358625,86.40649705012459,92.90138776564767,91.07649867920686
0.12707962563651448,0.4107957051078486,0.4133988493594999,86.32730619008547,92.94471319069136,90.74539515747625
0.1245201956229803,0.41105421601653597,0.41174389730292693,86.34569418999955,92.93637025372138,90.68663270366591
0.12382880110984044,0.4111922991034744,0.409121510837593,86.22694784641841,92.97913893620557,91.21730435184438
0.13098086375705917,0.28830376550461206,0.2944524810312208,72.75312630399296,105.62037433231308,89.3012010147823
0.13112935594970387,0.3736350910595329,0.3690312235315575,75.68676713816558,103.82571021571127,89.17171638562995
0.1330063748079407,0.3389501577915114,0.34258376957797804,76.21071526880063,99.66441825517836,89.39003647455199
0.1343710644575677,0.38372615796091286,0.3856341539305764,81.08365089082203,95.29693813580838,90.29163484507998
0.14472727955103012,0.38243989492540376,0.37840688936174216,80.8684162738041,95.52705796759244,90.30403511927017
0.12813763362169583,0.40527780738953206,0.40728035162821585,83.8802803157323,92.74923500702342,91.0664373954652
0.1259130689762384,0.3993566116696147,0.40327232987945766,84.06913444243256,92.56025286761997,91.23768046859561
0.13133354904977865,0.28291867840386625,0.30926692635940684,62.83677239295288,103.09118762269554,90.37380768830462
0.1293668878907201,0.3427442087566431,0.33814386578867833,73.3741969542727,99.55126826324796,90.27341997603725
0.13535602983433237,0.3721580950766783,0.35784199446587545,77.18376932109108,98.31148238964728,89.77846629602601
0.1271634680915323,0.2746772009179991,0.27828496662647123,61.14967299748342,107.7100508410443,90.0977546407542
0.14746166876063505,0.3572468890831974,0.3606425297397416,79.00583708506231,96.09363257892238,90.53682500344532
0.12747968646024863,0.40196865328874654,0.40576299836642366,83.87207034578954,93.48987611352082,91.02055455177867
0.1275598259722524,0.3710042767258397,0.3801061388751075,81.55783857297587,98.6708057105323,89.67750998264314
0.1277061471869027,0.320096664643263,0.3234659388323727,73.26722049482986,107.77559041269859,89.22871658066967
0.1367459587059456,0.30177042612364013,0.28503374464536996,68.32801239331971,105.54734992316244,90.21600920858961
0.13644769996411643,0.3465542807309124,0.33199400367646187,77.72842318256892,99.60145395332032,90.09561405356243
0.1308783567759366,0.3913017748931735,0.39471078457242365,84.22630520933119,94.10409194791734,90.04378175089789
0.12664525314250688,0.4064116482976861,0.40541686488497836,85.17643846025665,93.20652930246486,90.66957016155345
0.12862268978959912,0.3950864898678341,0.40056041312114365,84.6850470719607,93.94382487274804,91.10440163849063
0.12641180884039244,0.4100516726606169,0.41152351416782545,85.5509069257011,93.06934530999608,91.2353845381925
0.12643801131214907,0.41167056904792293,0.41116289067742406,86.08267382810365,93.10964362311657,90.8200640202656
0.12735592499896173,0.4093437489128822,0.410930388974175,86.04542955432326,93.29900257576203,90.37152753735404
0.12701247659863235,0.40848024549951495,0.41051818864698525,86.30456187866034,93.01360321065201,90.56357541049836
0.12540122196826067,0.4097675096133051,0.41193704486776095,86.33782391028848,93.14326601745451,90.75546914111274
0.1277010154913161,0.4111792637955621,0.4123816539399708,86.4204785524123,92.9473877576461,90.74394788759776
0.125877265905569,0.4115020376195862,0.4131481589202422,86.46084315987592,93.11337542867545,90.78092535672391
0.12584347454323885,0.41103466724830273,0.41200702353371754,86.47922958908315,93.13550281567447,90.74145087911369
0.12637387057313487,0.41087528824509634,0.41345641030075947,86.4165759265792,93.1570360507797,90.47095358199725
0.12559431751935848,0.41041656579170793,0.4131908554473137,86.41043729308916,93.13589144126422,91.23187013510943
0.12610286614113203,0.39565369746709284,0.39891776746320307,84.46002822428972,95.07439577555957,91.19521617152799
0.12578696922093277,0.40425613016713885,0.40541959771276215,84.8206326848445,94.56633980716964,91.35365774888274
0.12713809803813744,0.40924437413941234,0.4111419809987683,84.92517124298747,94.08473841710975,90.66981228800678
0.12948611349767084,0.3527863515394703,0.3578509076308184,80.50981811368902,98.17888690338074,90.0678626884433
0.12946002948326493,0.31336323060304677,0.3252931896631348,72.78460122408902,107.81765449593387,89.589703675544
0.13448790369180155,0.29173208192324335,0.2814887345092731,67.6636195479577,106.01343544013281,89.69445521319497
0.12888054102385643,0.33424136069050114,0.3380221366791612,74.9689325762462,102.82884438248135,89.75209917754279
0.14994566763889047,0.38380603554122456,0.3978080337479075,82.82935166538248,94.01006073857677,91.0183937184444
0.13386329415184983,0.38402637827716873,0.3927879643424826,82.43568493562658,93.9508015616292,91.09094036541005
0.1312581645505273,0.25781106752920846,0.2766933515281807,60.79944203273076,105.07124045187227,90.53501774681172
0.13132419617949578,0.326221633087803,0.3327824437215129,68.46265191130584,101.54612355629577,90.1748898099583
0.13066691787289014,0.29343808224805423,0.30191417088475225,60.85239852166821,106.73836091614753,89.85616210103763
0.13340259040103272,0.3666289470973807,0.3663222206671471,78.3965489176134,97.2905093940797,89.9976321827271
0.13263756220326595,0.36315207143640404,0.36388876071430004,75.68066364311443,98.93290354526506,90.23904894519468
0.13339829025012923,0.3947278730716762,0.39937377117032496,84.1186087749692,94.0440918882303,90.72348327906514
0.13022273235508036,0.4009875698279419,0.39830718133082826,83.94288784599296,93.61389674087646,90.97701415030352
0.12961219121103318,0.320764187890231,0.3325603595825574,75.62921684505183,105.20759569027689,90.0955483145932
0.13125949232948217,0.36982583048687023,0.3655926842383698,77.28349495113343,103.81394742656067,89.64106478164106
0.13165057126206117,0.398673204624074,0.40177518255756334,83.96424743035622,93.97231724503041,90.38099749835712
0.13109844028158535,0.40605860897533946,0.40031425479744087,82.40087156142681,97.31518763085869,89.87383922095704
0.12673625142342632,0.37620307842032447,0.3757172612703823,80.14956097648911,97.38936728864557,90.25956988333726
0.12485221107556294,0.3905870651997839,0.3917692705079208,81.85560783594585,95.21375693063939,91.26838299931185
0.12324451664421528,0.4064702028815853,0.40939113548997536,84.17269195300946,93.08023062682793,91.24331234230043
0.12842966509543854,0.4013273257265068,0.4078736684605053,84.55693370759752,92.98081754920351,90.84074870433054
0.12567512150022342,0.410602121013222,0.4130511611935857,85.26529329060766,92.61997277282049,91.01585023379917
0.12590094733645152,0.40477455546804414,0.40892357660016443,85.72812923181975,92.40674070756442,91.05844413417509
0.1274418349170001,0.4083061611453384,0.4103894709336502,86.00969994168922,92.62542863112174,90.74572697696465
0.12486996544072881,0.41438043911001693,0.41299220314149365,86.15864326821988,92.78508405552967,90.72823242031266
0.12435209585651665,0.4103465573798475,0.41211953659174066,86.07539752691581,92.91717579382683,90.50788073188767
0.1235865486821023,0.41029790180507847,0.4130772231748927,86.26046264450763,93.07630118133387,90.6390452941707
0.1253234867748793,0.41001496877244503,0.4134694714660053,86.21559849868298,93.06323265603156,90.93488289146606
0.12409308158809142,0.40968325987050036,0.41299383074462453,86.53628362200706,92.87136369019318,90.86019680879795
0.13055308450992095,0.410155040893246,0.41407760098007323,86.44836725101477,92.84629020092342,90.40226140451742
0.12636682602606653,0.4106858229285306,0.4126562826546614,86.21262278881828,92.88632826453056,91.03434994352969
0.12485117880174029,0.41000140477076097,0.4104748781839483,85.61758287323114,93.57174785150116,91.33956369722563
0.13274229167910648,0.3618531410751549,0.3563104008252445,81.55852044535658,96.62325760115803,90.67003443790318
0.125257618535232,0.39235442540402254,0.3967107467399267,84.18688021596945,93.98028407749922,90.51452327697262
0.13741066075423278,0.36897019337578535,0.3601362683220628,80.68646336677776,98.74212198435801,89.82651628874257
0.12946042135443522,0.38430398635213897,0.38223624683033125,78.87140638340756,101.58700522415086,89.50853174539256
0.1309298021851977,0.3087064254345098,0.30716821814352946,71.40496506181488,107.21822743153092,89.82572243495166
0.13333163700330813,0.35128877192344143,0.358934031206661,79.8272696771943,96.21508756933969,91.27209434392756
0.131936316607485,0.39857674423234,0.4034352224531367,83.00486512602045,93.33114532348407,91.53256051052747
0.12874992474940913,0.3039386517444221,0.3141336802270174,73.77976790226624,97.40425434477412,91.2988374412111
0.1294999631445736,0.34020256261843823,0.34334176258500515,78.00847655270002,96.545859546786,91.14205615468268
0.13044940526043447,0.27612636365895205,0.2729907751907275,59.204143747724125,106.16981871999427,91.22576427123099
0.12905779744348989,0.317432892813019,0.3224376928729008,72.37454032174192,100.4216656014899,90.48428938810967
0.1289498244712887,0.2970113889076341,0.3026815130373681,71.64115369463431,100.05762157277181,90.66423122749515
0.14338900455245757,0.35996787583645123,0.36157178528146566,78.74568090158135,95.82413179441832,90.91407336814048
0.13400443132095857,0.37392915442401004,0.37736659695659086,80.24952573621499,97.79785707194877,89.74778646345911
0.14330157987471046,0.319795893490802,0.29646464136056316,68.99670765950242,104.38833223722531,90.27186378884062
0.13177113789079337,0.3120737867165561,0.31852832670297904,66.80501435446642,104.73045661741654,90.44307002960102
0.14402530032423214,0.37194338301608604,0.36974596568891094,80.6666638961621,96.95592315677658,89.82872280458065
0.14286817128608775,0.37583927019638913,0.3640649702102741,79.24015073357502,98.18320214918117,90.0252936719577
0.12815100262761495,0.3972530778138959,0.400615308236305,82.88903622334654,94.20804702719809,91.21483370233028
0.13021030388386204,0.40428562392293516,0.4108804647500394,84.47470343548711,92.55399451023555,90.97229561881778
0.12425028875693996,0.41187432793437845,0.41443794599999373,85.59764386508681,92.4280965258879,91.0537068114989
0.12456390875494948,0.4120199212107989,0.41490132395729323,85.89598402072538,92.48368001341231,91.20322818380811
0.12606268591842748,0.40240468393540035,0.4010178514202653,85.29212942594333,92.90650310000608,90.79074338718661
0.12714825930355467,0.4066866968084253,0.4067235171651328,86.16556749225506,92.45623892116583,90.76323104617327
0.12764701091659345,0.4083875538407069,0.408827578801619,86.44811083345603,92.4725617847894,90.64737959551205
0.1260281566234187,0.41515611462025764,0.4147949000186886,86.4869411324851,92.63287812612451,91.07338512000601
0.12914889505467414,0.415902044377579,0.41411007033084873,85.8808851257268,93.0561410722473,90.7435073246875
0.12513008650301155,0.4148333258722979,0.41321753154630103,85.96045516787889,92.63450153690657,90.45724803661139
0.12681154552220067,0.41151105433115837,0.4129469274474286,86.14376668509097,92.74987318573835,91.19803062226023
0.12710398926831762,0.4102246264305503,0.41199656856819583,86.08912355384956,92.89300480142147,91.42816377720345
0.1288578138321095,0.3557155018874026,0.35092644283001734,81.07081882906303,100.14206825646151,89.48032238868916
0.1353130882360871,0.3493784769938144,0.35436408226784755,81.17670686752228,97.02069435670002,89.55587630262491
0.13353983960372814,0.27298077573429674,0.29207568725977723,66.11662059899287,105.06839365688865,89.48457585756998
0.13284054253886368,0.3312659985977604,0.3234770560515317,75.60272589259313,100.7393518574943,89.8127069070899
0.14238131008879873,0.31333923367368777,0.2872058140988438,67.20308288794011,104.01541313358352,90.57264390657659
0.19646612698308313,0.3479958673962649,0.3302286715969286,77.30968267140837,97.53773230789187,91.26086956007468
0.13517888461512326,0.2994909657034372,0.28821125537485554,69.75558280103756,101.4895848903071,91.10865182058734
0.1295051358753145,0.34533161661308565,0.344444743690851,75.03982522020159,98.59494781586945,91.06146242801648
0.14441421308864294,0.3429990881331151,0.3432683652408258,78.83421069976863,96.72548452243619,91.1971509899468
0.13780853172736726,0.3200794484653627,0.3029134849121809,68.35067837763846,102.90425595894102,90.51093527463507
0.13173716872969088,0.3470343602503343,0.3459503419751272,73.25715796558613,99.67373417091389,90.76167399532594
0.12997690628320213,0.3222927828669662,0.33198706590203114,66.64562395911355,104.10343296698476,90.33437739823535
0.13010186202385063,0.3089043042926923,0.3121674708808526,66.43594421410884,106.08086064532262,90.39557537017339
0.13103501389896116,0.3607078926333385,0.36180330212740086,79.997993650033,98.01277951886236,89.69944175544717
0.13141958766250894,0.4111805403014268,0.40565237686050803,78.35020774141341,99.89046285747995,89.67866558330348
0.1304550259432234,0.4019172415286114,0.40643888910446957,83.78044824587035,93.31461322351373,90.6127230520865
0.1299223683151411,0.39616385337218873,0.4023921914994687,84.39587801646637,93.12272032338882,90.06988350734225
0.12400558014543131,0.4083121584339757,0.4110844800735895,85.29616080330946,92.40272648880713,91.42250300698352
0.12457730463996587,0.40994698794674106,0.4113089759922065,85.728945893432,92.56699416998762,91.32545650521328
0.1246017982112258,0.41022636148992514,0.41188257239367077,85.87994706293387,92.42671178265506,90.88463052447935
0.1251567728166407,0.411052644711839,0.4140193141349692,86.04694604913726,92.76165975071557,90.86516707584971
0.12580792602829655,0.4124161240318244,0.4142495082333109,86.15625214789642,92.98083885289617,90.84651214659112
0.12497870654932515,0.40965862816785703,0.41140989146802337,86.2051920288444,93.01357538568949,91.19296321065804
0.12899205900784114,0.4133909393080073,0.4178853336334728,86.14455700447395,92.83181233083054,90.60732277527322
0.12786482193403315,0.4083094422974545,0.41018626153107357,85.82074157078318,92.91701190650058,90.29748391385039
0.1266267832928162,0.41064715344200087,0.41108743234013106,86.03979801491268,92.8879695490342,90.91652545579382
0.1295996941883171,0.37103566872655924,0.36764661828893436,80.03484376260698,100.81852572305239,88.82397491785402
0.15062825614427494,0.3637242720100145,0.3540927245957031,80.3395508407909,98.57631476767146,89.1492808969827
0.1286712668793118,0.3976282680565026,0.4025995243440082,83.58909392844933,93.45013127989644,89.75605569507596
0.132424931644045,0.2743681314111079,0.2899734713365801,68.44893718559041,104.04580641335453,89.65198313591827
0.13204315052334606,0.31035136837171745,0.2963717376657411,67.68707199325677,104.83843861702006,90.10810189653148
0.13003018156763915,0.362562263382551,0.36283004943271807,74.56593878467483,100.09358048245907,90.32224524520393
0.13128747102952856,0.29219727247036914,0.28824461949258207,68.32306954586896,102.80460832859087,90.32477211703127
0.13823474046477205,0.3450046091771712,0.3453465762269964,78.35823448283669,96.98332589530372,90.40001146691355
0.1303460668986977,0.34976322828127343,0.345830240175545,71.5861058851081,101.52015737799695,90.28723324785174
0.12959307004730897,0.27772206544097594,0.2745510467690087,61.58355826421618,106.26099494466277,90.5791436295027
0.128509713176277,0.3429348044070992,0.3508486703865067,77.21344913790591,97.50270254989003,90.47832359271356
0.12951813097847023,0.38629779217780047,0.39076151679350557,82.37487640699125,95.36372948039832,90.35998707252566
0.13021116305562797,0.36268027988381535,0.3667792777508315,76.76906874904167,102.1998253336366,90.61514692253884
0.13392624803854336,0.3737878849105027,0.3783760244695,81.56045694848783,96.71001932389836,90.81966378703027
0.13348928932657222,0.3259000756476194,0.3245588785256683,71.47406124290644,102.16348122422436,91.06775632551695
0.131469447772255,0.3467569264651469,0.3572921229704841,69.59825474079248,103.09557662437588,91.10291395902364
0.1308610041320318,0.3893958350573103,0.3939332171293119,83.65546823469569,93.74097030406514,91.82789812866511
0.12750450833425198,0.4063221424191237,0.4100889071946994,84.91581068799505,92.86853940014265,91.93291405382257
0.1425549102469778,0.3947315726434455,0.3868426180418453,84.15894904329112,92.9408734934616,91.27582524231862
0.1298525829083281,0.4028941987133755,0.40784495899415024,85.50291247689523,92.09516024231422,90.78909440357944
0.12473741285616478,0.4110676473841829,0.4147398086984532,86.05563485364782,92.38225315113134,90.91817332165074
0.12480197893320089,0.4127636613079348,0.41433284217495414,86.08766041409714,92.24530991353387,90.53865440215554
0.12483114864895739,0.4116801941861707,0.414153115817763,86.04516019979795,92.52687664173138,91.45835558622588
0.12504167176888464,0.41424388284418656,0.4158801773165907,86.03343416375675,92.5181134768763,91.70305284405518
0.12693480982970493,0.3977128039041787,0.404051576023594,84.69428243348558,93.53229829502544,91.46014580384603
0.1270595041060731,0.41129332699454757,0.4130630242724223,85.27740780928605,92.99341641837688,91.69977227997072
0.1309512994313124,0.2973673404826785,0.3132793143804865,73.8509914856734,101.46115498531412,91.16051708456845
0.12910090040959984,0.28099223578121124,0.27560749061210993,71.36188347651238,103.3218704556003,91.24686562239484
0.1414555245039537,0.3645272312911725,0.364726424413852,80.37406913105579,96.26275548256335,90.5696373291926
0.13365344853201977,0.36379909586449205,0.3498491196792909,73.59740975532539,103.99640376091139,90.41243956219485
0.12910457520104057,0.38317130016045986,0.3860249263003819,82.97538059461418,96.99802297871321,89.34157065779773
0.12707139258536904,0.3451541933643739,0.3531319338493463,79.04915981878557,97.52804792806373,89.54142978284467
0.12681972473024966,0.27275193870736997,0.290359303324863,57.25302909551253,110.41551930991692,90.38026680895034
0.12725224299282387,0.3338380727118836,0.3369267365886257,68.3508748084816,103.26378859738702,90.41544144762528
0.15506656209862213,0.3781314288665645,0.39056246751495394,83.62149684219494,93.95691006512654,90.94765073719029
0.1316713743864039,0.3769409182064622,0.38190270130831666,82.646331813438,94.82469614578464,91.28277760397354
0.1294900527066977,0.24956419430370813,0.25034353711240587,66.86025771513646,105.68909081347043,90.25751256888411
0.13456041440063604,0.3885188222355691,0.3922956656839045,84.49333302926243,95.09393134044245,89.29542975340273
0.13041579432442083,0.3437734235896602,0.34099493701813266,79.47431410050548,102.55996904790439,89.34688263211522
0.13516043775662276,0.35321305996555946,0.3383782262786406,75.53025782858792,101.38326537388713,90.23474801703712
0.12986717009433071,0.34690071342857365,0.3416630675337608,70.23860444957266,107.30353800690344,89.59769693841986
0.12834562248257608,0.31707691461096915,0.31545136562970727,67.79806985861559,106.49169917126348,90.0566400871191
0.13260195117904194,0.3724668856170342,0.3782758053929545,83.1104073912564,94.07298646769596,89.82153198788335
0.1260233360993296,0.4070150542185103,0.41036654077971707,84.94158665348905,92.74675111275171,91.42872859353048
0.1291680389873889,0.40804324861680435,0.41305783575693833,85.51459507558067,92.40828758633435,91.28182374110455
0.15535256999780364,0.3998566463750676,0.3854024341064032,84.01211348713466,93.45409916902288,91.19583638010005
0.12727180805793586,0.4135857582603434,0.414653260651858,85.37890126956687,92.71659015018798,91.7148164866485
0.12855824906334354,0.39443338413070667,0.3972011212135024,83.69484281819872,94.74463824470797,91.97020534408648
0.12771343512579525,0.41231488483216533,0.4160752059469143,85.27078265158474,93.43076171835268,91.63338163093232
0.12727964909629744,0.41535563347169546,0.4132348983963539,85.59957841766429,93.13088382731566,91.66455029985333
0.1285526176121721,0.4162291649298257,0.4145068563227038,85.7794423799865,92.64798077840223,90.76551590492659
0.12921077469647463,0.4117617119660355,0.41193119111192206,85.81542185302237,92.82147117050192,90.54252919478921
0.13296422803913183,0.29067666518007956,0.3038942207180385,73.2307277546839,106.3409560124071,89.09232013674986
0.13745579343030664,0.28915863534125347,0.2751969208760273,69.84462512397283,103.83857526974028,90.1981726130916
0.13016653867792838,0.3381414263413327,0.3417950345050902,73.29402262729407,100.91121445569996,90.34065996592595
0.13151494769732816,0.38048320045395756,0.382355091199147,73.87938508829342,101.81718072495688,90.40295084768638
0.13126357849018175,0.389096361712446,0.39338735194612195,83.50126261826853,96.99385164253549,89.61635720567216
0.12697043124150792,0.28059432740113804,0.28398149513618265,65.17045307521907,106.62755109477702,90.33519661246024
0.14823875292460387,0.33928926237188595,0.3353083698423095,77.84770967702946,97.63850949065728,90.924207528931
0.1296166344675467,0.40965810009201026,0.41632020656068475,83.79781686292912,93.12799725266176,91.55398240846915
0.12976800896517832,0.4146449829642926,0.4094554684862598,79.46832401359873,95.53694783023553,91.16763183332412
0.13398618627130485,0.3580724053122991,0.36385792056108845,81.17771465925358,95.05159541248628,91.26790402333634
0.1320972756288634,0.34050872514514297,0.3271521011934467,74.78152207554074,100.82428390999227,90.74639274484421
0.12902311818093123,0.3558528103005997,0.35940542534115266,79.91142713319161,96.67252701608793,90.62337949607314
0.12844142972583245,0.4007482911245395,0.40554629716641233,84.07029283377157,94.30162139432736,90.64405601263773
0.12709148600025935,0.40795580027391737,0.4148970805295092,85.28455295995295,93.19526399023212,90.38180239642782
0.12810038199504037,0.40680757225123165,0.41265015244487085,85.62734668839128,92.78808648225612,90.40404113563142
0.1329028144778404,0.4097333603316324,0.4145860209797199,85.90997062837812,92.68325001690364,90.35768043961386
0.13375400881963542,0.3503801088989845,0.3440826618959118,81.01875810786312,96.16926882969197,90.7103771195489
0.12849939082928255,0.3973957004205226,0.39974480281581265,84.3501861460287,92.9149209107591,90.79941743753844
0.12919797989717385,0.29520332790779974,0.2988050000256193,70.87167335816103,103.43556818101563,90.10379385872778
0.12982265295665618,0.37410708600758047,0.3657940538406033,73.79453917535176,100.90808221640091,89.4585435140563
0.12999435084149005,0.3267871618451159,0.33246687121373497,78.60585483251938,97.5724975825537,89.70417347697634
0.12946578529102729,0.3936061212269183,0.39712914505644464,84.11937136851387,94.74306495425202,90.23744315393519
0.1289754863920521,0.40194493047139285,0.40542075428660457,85.19313518254972,93.71060783199363,90.0649092309647
0.12882877583889862,0.3561184933139375,0.3524741870403923,76.13863282833732,100.39620205738849,89.61902422025267
0.1338419650540729,0.3155203582844983,0.31976513797583184,78.15146709283678,98.8430775119196,89.91642343091067
0.13077798186509443,0.3933071308373452,0.3957664745144876,83.8476566104267,94.31140037595326,90.22325912693054
0.1300243202229978,0.3100783968924491,0.31174363119894394,71.15020563836698,102.77994769890554,90.1650940073459
0.14077208781883668,0.32698263414548123,0.3135193852297191,76.55875044173982,99.09751882140242,90.26923308386839
0.13185540942203555,0.3952429603624133,0.4006863565178163,83.57453971406457,93.45505337093819,90.33963764483755
0.13016745721702186,0.4119141076006224,0.41530019962583054,85.09260090203631,92.5916360180812,90.53747868528947
0.12747885923411784,0.4136136670127844,0.4159624627748597,85.48456674397339,92.42911138051213,90.46898028892487
0.1286103329684655,0.40802037854243056,0.4095230005344443,85.66599086350583,92.34376516627565,90.55488426595906
0.13492824422266197,0.407678005300742,0.40706217937109146,84.44375129063108,93.17026128366122,90.99028624948417
0.13906648976453645,0.27802538393811344,0.2817658152704736,74.43902817302993,100.55424192784217,90.45668472580095
0.13644763367222038,0.315900128623595,0.3243170461601031,77.93190581817306,98.03848876123283,90.61102672850558
0.137943333133323,0.3728401164919758,0.3523962215332413,76.20919993362924,98.23071585591458,90.3746012060983
0.1473897870291156,0.3497381001880574,0.3360778835900883,78.38496844978663,97.22297217163646,90.50438720667822
0.13202656878434862,0.36694538346411865,0.3534759193097787,73.56684557707504,99.67079509815892,90.03523035720619
0.12950817936457912,0.3900357144565741,0.39718161436825494,83.48936119597633,93.79985487029946,90.7150532626777
0.1289947413759883,0.31040683390676205,0.3068494905779107,65.6098181702722,105.15256293419648,90.59234978804506
0.13697659708013604,0.3754159455642278,0.3817776987792577,82.58502064145281,95.4468873202996,90.29809508717946
0.12819376638209273,0.4085879912511211,0.4105007825537457,85.06201968909592,93.40133629736835,90.25282686394787
0.18052851433169959,0.3992464502059045,0.38718206845531183,83.22154510783994,95.31491699662553,90.59195010775872
0.12930954234641656,0.40538445690272085,0.4103612511630943,85.00539868111176,93.73204270542877,90.3782879841318
0.128681254357265,0.4070484239025917,0.41461781110576,85.66958447589573,92.9791249682091,90.28642098632159
0.13079148332676302,0.36577313526296196,0.3708832395823342,83.44725410793855,95.6677794105576,90.36384308396929
0.12887181017774832,0.3625248334815394,0.35999887119858226,77.64140175105814,99.29807357105439,89.4161662598851
0.12887909197188152,0.35451014472333486,0.3526803003639337,72.19318731153926,104.05160027229559,89.28512884108866
0.12954617318049483,0.3824038566724923,0.38706135259820806,83.79386122900544,94.46009853071901,89.91106699882496
0.15030985701033853,0.37154011874596,0.3708019693689518,82.3189650525355,95.76978929380661,90.20798051213993
0.1623922701475963,0.3606317908821787,0.354611935524925,80.96236525453625,96.8981286693203,90.2782097489744
0.130181445997551,0.3326567889290565,0.32723451786496666,71.53577328077625,104.56786719473811,89.93061241441258
0.13114832671065887,0.3802943567939416,0.3859885879512182,83.86786707768806,94.14748179627948,90.39350761912314
0.1391416208381653,0.38373398930552527,0.39621267564081303,83.63453546599949,95.1016222094152,90.51961644482299
0.14244229135588232,0.3341658146341079,0.31594258650879925,77.54003039075695,99.181437420542,89.97686123518083
0.12954012901573234,0.39543355939783525,0.3946857591212871,83.98698208385974,93.74118154524854,90.07638266796944
0.12774647348416684,0.4071802543164562,0.41118978373820914,85.19303802446757,92.79339923306225,90.14425365087664
0.12666347207098494,0.4093382865227141,0.41333620457249015,85.43590776134207,92.27280586151525,90.37935535281916
0.13953758423840204,0.37272679236556233,0.370351466241293,82.09077311854304,95.89726918617392,90.76776544374724
0.13052319407792307,0.3837917818737108,0.3912054073510968,82.76433677126295,95.08345992606255,90.93902454579853
0.13118627548293085,0.28914188317454437,0.30503184190326216,61.122233156152475,105.85033791725613,90.34891757830466
0.12958182332938592,0.3666503785422797,0.37772390686189505,81.46891908543115,93.97688384653304,90.97392477968373
0.1327381469423975,0.34635973796702363,0.33789625929170614,75.87548736176166,98.35509089219275,90.0738275166133
0.12944544621987167,0.33954687932238875,0.3441638037453935,79.44354792749489,96.92204952288681,90.13546600315172
0.12885376256825049,0.39339238816394156,0.397602598170586,83.62892368879365,93.46912473177541,90.25968109462266
0.13104094558297136,0.38812081590561676,0.3941080836112316,83.59242508195072,93.85580177615942,90.14296330161196
0.13058000662902988,0.313765754549384,0.3047517802496152,70.90085923986908,102.2619400308725,90.59584712877353
0.13371903124982265,0.31661711941419673,0.2939764870373115,63.73962793479359,104.62615786268057,89.97577908800773
0.13997879217834813,0.367695648969389,0.3727153808501121,82.79362318905628,95.49368422893978,89.91501318240185
0.12824481085796566,0.4052999310485525,0.4057614582851149,85.01516325081012,93.381728118179,90.03521336335601
0.13113399440566104,0.40519017853394024,0.4090695294036469,84.9286281685812,93.38518803476934,89.8719171133296
0.12787511351435613,0.4146032877428211,0.41514011798268435,85.79174483693987,92.89368481524488,90.24098018756543
0.12695307470615758,0.34374570405730204,0.3417931991599745,79.68352975359562,97.96538917746713,89.90018620707527
0.12530998478977234,0.3897956872774525,0.39088624169819874,83.2789181134787,93.85415958334386,89.9092096350744
0.1278755168434816,0.37940532910803204,0.3717219857080157,80.30708603602844,97.33120190104604,90.12383097796223
0.19402188125485778,0.37219701917008247,0.3775108816494086,82.02734060349951,95.3277777784455,90.36807830680104
0.13000898594610893,0.3985447205451518,0.40330097526196157,84.0058397544166,93.87024564818479,90.30963151310937
0.12652861944652885,0.2999233480049676,0.2950487564546478,69.70317202805295,105.10764134983995,89.60810013543544
0.13201846055220817,0.3563012497572982,0.3653045287474396,82.52069324639095,95.90859110872898,90.03547122089753
0.14023571023704628,0.2856899958931391,0.2634725155912977,68.71126781922499,105.71623876445831,90.08665968612846
0.12879738835264293,0.323514944980006,0.32308479328033674,77.22001524236526,98.76428629794997,90.32189838912917
0.14238640942710962,0.36500748970651864,0.37347426993287075,81.26789913883542,95.73000573965594,90.21437599897354
0.13071129862867187,0.4009937027888635,0.40350764030025893,83.6425432655331,93.50701208956237,90.07124943783242
0.13193571793979633,0.36524041831546716,0.36230983576864306,80.22906888678486,97.3682171711241,90.15318773169653
0.13221551607890808,0.39242716760671265,0.3939098944670631,82.39759904617205,95.52872474635545,90.28844212002224
0.12716682270264215,0.41277055772913696,0.414081535360134,84.97837672695323,93.82920109817263,90.47033772538806
0.1268848100663062,0.4093745319114127,0.4148385718649799,85.4108184789318,92.88840437564912,90.3866255876072
0.12721746436673556,0.40960919981088073,0.4150079965737958,85.85647928657121,92.8044606977654,90.42861601637301
0.1264311188844186,0.2754756368860165,0.2790923235399976,67.07808774373925,101.4168630715249,90.75954959158102
0.13044521003477913,0.3294825997407936,0.3095110527872743,65.70108941222331,103.72806072640223,90.46888616931815
0.14200494698457874,0.34421326165108584,0.3457009354767485,79.51354999099469,96.66022492302407,90.59405618587436
0.12735690875773614,0.39442552656486624,0.40163367045106485,84.13077662556542,94.3057481093073,90.63032795615771
0.127304818531424,0.3493541059213833,0.3384647359926094,72.95881697780067,100.87034658136915,90.18095438666006
0.13239723416708107,0.3609605026053472,0.36284281310492,81.16055161374214,95.80180870026862,90.01274986338609
0.15801283120369863,0.3673149268655014,0.3589419693049164,80.83240890547992,96.95527563696434,90.19906054615741
0.12945748954571065,0.40049646862267885,0.40096642452287673,84.36187119164642,93.97747666083758,90.09888946463366
0.12751454848623767,0.4071343267029743,0.4102125476945868,85.53234627824114,93.74272782401106,90.15080007114358
0.12988646693429343,0.41219904349785413,0.4135871103645719,85.95609042144292,93.42018355477609,90.04400016966969
0.14135245281794503,0.38466476579905046,0.36854565556807806,81.63026938622305,96.72510357515205,90.65428063812885
0.13011670301125308,0.39862257466831935,0.3997492220187576,84.67462141493208,94.20607186273617,90.4588509525984
0.12824020969120561,0.31969081457372855,0.3287850575162309,72.68332548472087,102.90551998820293,90.53584698111857
0.13337926590938623,0.370335329467954,0.3676700187401852,82.69309417932381,95.62213483643826,90.29807084571627
0.12867093642295227,0.2986586836643934,0.2835822591446595,69.76106567478975,107.85664837864054,90.26685570746362
0.15753906103611992,0.3123363320575111,0.32790671101993163,79.53283353346801,98.6662358808172,90.05165967301764
0.13527694110821076,0.3469881062835925,0.347107972644361,81.0933303909552,97.0565099498438,90.2050177358011
0.13434658904888877,0.3510533850829001,0.34251725236050246,79.1212661163791,97.4748646776955,90.31695994812993
0.136807752896746,0.33613746392139665,0.3374819207033865,79.53031762692851,97.18194729929031,90.42067172643019
0.14280847201559463,0.37137251066478266,0.34726178668759194,77.7261142151475,97.6587000629253,89.78671858834053
0.13081313970961317,0.3195776577595648,0.30628977112681194,65.05914659542232,106.3664275636115,90.19059002363988
0.13648824351236455,0.3588485912360244,0.3594306627420836,81.61408931950986,95.16912185912847,90.63711984965822
0.1284932205974162,0.4034697517063332,0.402284724516001,84.64895573052318,93.73060876050732,90.62910102433904
0.128998938264865,0.30081850545739874,0.29067919757681154,73.36834788903215,103.74728629864202,90.8358238754507
0.13473618617642494,0.38218636006203854,0.3863940757604144,83.94727097608927,94.78689210820185,90.40490787792199
0.15453446959168518,0.3834407494703492,0.36125504901151484,80.97830234019196,96.7366312420935,90.81728977351705
0.1294552027900475,0.4078760776557543,0.4062021395071632,84.7791776845205,93.7123650688601,90.37824465841189
0.12955734705047048,0.4097301627506208,0.4134782996292942,85.55081477986171,93.10071838874302,90.19344907183805
0.13320855276922808,0.4096809303523028,0.41718187058485695,86.13653069506798,93.09847555960091,90.33161343155135
0.16802710877849739,0.37234057252804,0.3766476207988621,83.04340964887936,96.18238577336987,90.28200891794245
0.13565660077032302,0.38098494505165026,0.38914862114259985,83.92948765072126,95.23820576366923,90.10767293334123
0.12828264728174282,0.3531733251583012,0.35078670038725135,74.10942627449131,101.5107149367119,89.90274839156771
